,Date,Tag_No,Recapture,PanCov_Gel_Result_Final,lon,lat,PanCoV_Lineage
1,7/27/22,201,No,Negative,-72.70126393,41.25403346,Negative
2,7/27/22,202,No,Negative,-72.70133979,41.25359422,Negative
3,7/27/22,203,No,Negative,-72.70193801,41.25378324,Negative
4,7/27/22,204,No,Negative,-72.7017901,41.25359268,Negative
5,7/27/22,205,No,Negative,-72.70218607,41.25433983,Negative
6,7/27/22,206,No,Negative,-72.69969344,41.25303069,Negative
7,7/27/22,207,No,Negative,-72.69977457,41.25235163,Negative
8,7/27/22,208,No,Negative,-72.70003075,41.25294495,Negative
9,7/27/22,209,No,Negative,-72.6994824,41.2528113,Negative
10,7/27/22,210,No,Negative,-72.69948066,41.25239118,Negative
11,7/27/22,211,No,Negative,-72.69806713,41.25249752,Negative
12,7/27/22,212,No,Negative,-72.6977356,41.25262365,Negative
13,7/27/22,213,No,Negative,-72.69859394,41.25276673,Negative
14,7/27/22,214,No,Negative,-72.69894405,41.25246645,Negative
15,7/27/22,215,No,Negative,-72.69926022,41.25230678,Negative
16,7/27/22,216,No,Positive,-72.69900461,41.25254817,Positive (PCoV1)
17,7/27/22,217,No,Negative,-72.69980147,41.25179574,Negative
18,8/18/22,476,No,Negative,-72.68538602,41.26425579,Negative
19,7/27/22,219,No,Positive,-72.69991627,41.25126893,Positive (PCoV1)
20,7/27/22,218,No,Negative,-72.69963105,41.25233435,Negative
21,8/9/22,404,No,Negative,-72.69696727,41.26754361,Negative
22,7/27/22,220,No,Negative,-72.6992482,41.25172657,Negative
23,7/27/22,221,No,Negative,-72.69993489,41.25153137,Negative
24,7/27/22,222,No,Negative,-72.69953081,41.25166277,Negative
25,7/27/22,225,No,Positive,-72.70206962,41.25178344,Positive (PCoV1)
26,8/9/22,406,No,Negative,-72.69506267,41.25766168,Negative
27,7/27/22,223,No,Negative,-72.70198637,41.25104115,Negative
28,7/27/22,224,No,Negative,-72.7015449,41.25104418,Negative
29,7/27/22,226,No,Negative,-72.70199716,41.2509542,Negative
30,7/27/22,227,No,Negative,-72.70128769,41.25105362,Negative
31,7/29/22,327,No,Negative,-72.63884456,41.30918458,Negative
32,7/27/22,228,No,Negative,-72.70191767,41.24963305,Negative
33,7/27/22,229,No,Negative,-72.70171165,41.24986785,Negative
34,7/27/22,230,No,Negative,-72.70215603,41.2497511,Negative
35,8/19/22,302,Yes,Negative,-72.68767046,41.29022011,Negative
36,7/27/22,231,No,Negative,-72.70291047,41.25035888,Negative
37,7/27/22,232,No,Negative,-72.70306568,41.25079881,Negative
38,7/27/22,233,No,Negative,-72.7033932,41.25074646,Negative
39,7/27/22,234,No,Negative,-72.70258658,41.25025186,Negative
40,7/27/22,235,No,Negative,-72.70321507,41.2503556,Negative
41,7/27/22,236,No,Negative,-72.70339755,41.24996862,Negative
42,7/27/22,237,No,Negative,-72.67485801,41.28892841,Negative
43,7/27/22,238,No,Negative,-72.67457188,41.28922521,Negative
44,7/27/22,239,No,Negative,-72.67432429,41.28887398,Negative
45,7/27/22,240,No,Negative,-72.67433146,41.28866739,Negative
46,7/29/22,352,No,Negative,-72.68390264,41.30597441,Negative
47,7/27/22,241,No,Negative,-72.6744454,41.28885557,Negative
48,7/27/22,242,No,Negative,-72.69328914,41.24583553,Negative
49,7/27/22,243,No,Negative,-72.69369976,41.24631829,Negative
50,7/27/22,244,No,Negative,-72.69373166,41.24659174,Negative
51,8/18/22,311,Yes,Negative,-72.69622748,41.2682203,Negative
52,7/27/22,245,No,Negative,-72.6936154,41.24575464,Negative
53,7/27/22,246,No,Negative,-72.69349482,41.24617032,Negative
54,7/27/22,247,No,Negative,-72.69360992,41.24580058,Negative
55,7/27/22,248,No,Negative,-72.69329524,41.24579058,Negative
56,7/27/22,249,No,Negative,-72.69376013,41.24572256,Negative
57,7/27/22,250,No,Negative,-72.69370374,41.24612678,Negative
58,7/27/22,251,No,Negative,-72.6932898,41.24578827,Negative
59,7/27/22,252,No,Negative,-72.70865727,41.2496406,Negative
60,7/27/22,253,No,Negative,-72.70792228,41.24959903,Negative
61,8/18/22,470,No,Negative,-72.68981425,41.26881481,Negative
62,7/27/22,254,No,Negative,-72.70862819,41.24980155,Negative
63,7/27/22,255,No,Negative,-72.70849306,41.24915326,Negative
64,7/27/22,256,No,Negative,-72.70138226,41.24858448,Negative
65,7/27/22,257,No,Negative,-72.70176659,41.2486173,Negative
66,7/27/22,258,No,Negative,-72.70104215,41.24807092,Negative
67,7/27/22,259,No,Negative,-72.70192474,41.24880003,Negative
68,7/27/22,260,No,Negative,-72.70171827,41.24802576,Negative
69,7/27/22,261,No,Negative,-72.69352374,41.25749424,Negative
70,7/27/22,262,No,Negative,-72.69329352,41.2573218,Negative
71,7/27/22,263,No,Negative,-72.69417921,41.25733311,Negative
72,7/27/22,264,No,Negative,-72.69420317,41.25731976,Negative
73,7/27/22,265,No,Negative,-72.69357671,41.25712069,Negative
74,7/27/22,266,No,Negative,-72.69423754,41.25722216,Negative
75,7/27/22,267,No,Negative,-72.69410324,41.25786288,Negative
76,7/28/22,268,No,Negative,-72.68910719,41.26921972,Negative
77,7/28/22,269,No,Negative,-72.68972495,41.26852942,Negative
78,7/28/22,270,No,Negative,-72.69091276,41.26754457,Negative
79,7/28/22,271,No,Negative,-72.6907573,41.26786777,Negative
80,7/28/22,272,No,Negative,-72.69069963,41.26767758,Negative
81,7/28/22,273,No,Negative,-72.6909767,41.26754098,Negative
82,7/28/22,274,No,Negative,-72.69130849,41.26718938,Negative
83,7/28/22,275,No,Negative,-72.68560356,41.26440791,Negative
84,7/28/22,276,No,Negative,-72.68608719,41.26497841,Negative
85,8/9/22,393,No,Negative,-72.69050763,41.26758183,Negative
86,7/28/22,277,No,Negative,-72.68579054,41.26497016,Negative
87,7/29/22,338,No,Negative,-72.6925627,41.27239817,Negative
88,7/28/22,278,No,Negative,-72.686312,41.2640396,Negative
89,8/10/22,450,No,Negative,-72.68263523,41.30467892,Negative
90,7/28/22,279,No,Negative,-72.68291982,41.26168923,Negative
91,7/28/22,280,No,Negative,-72.6826053,41.26249278,Negative
92,8/9/22,416,No,Negative,-72.69358268,41.25761485,Negative
93,7/28/22,281,No,Negative,-72.69393222,41.2457225,Negative
94,7/28/22,282,No,Negative,-72.69316643,41.2457791,Negative
95,8/17/22,234,Yes,Negative,-72.70286626,41.25083458,Negative
96,7/28/22,283,No,Negative,-72.69348195,41.24615045,Negative
97,7/28/22,284,No,Negative,-72.69365779,41.24582681,Negative
98,7/28/22,285,No,Negative,-72.69314784,41.2456613,Negative
99,7/28/22,286,No,Negative,-72.69357506,41.24568611,Negative
100,7/28/22,287,No,Negative,-72.69553292,41.25761578,Negative
101,7/28/22,288,No,Negative,-72.69500017,41.25724113,Negative
102,7/28/22,289,No,Negative,-72.69516059,41.25738534,Negative
103,7/28/22,290,No,Negative,-72.69551866,41.25720994,Negative
104,8/25/22,713,No,Negative,-72.70125676,41.25357348,Negative
105,7/28/22,291,No,Negative,-72.69576574,41.25769869,Negative
106,7/28/22,292,No,Negative,-72.69536917,41.25706455,Negative
107,7/28/22,293,No,Negative,-72.6949931,41.2571129,Negative
108,7/28/22,294,No,Negative,-72.69515545,41.25714091,Negative
109,7/28/22,295,No,Negative,-72.69578559,41.25777467,Negative
110,7/28/22,296,No,Negative,-72.69571645,41.25739211,Negative
111,7/28/22,297,No,Negative,-72.68725209,41.28949167,Negative
112,7/28/22,298,No,Negative,-72.68667208,41.28957777,Negative
113,7/29/22,329,No,Negative,-72.63923666,41.30974365,Negative
114,8/18/22,493,No,Negative,-72.69357509,41.25756736,Negative
115,7/28/22,299,No,Negative,-72.68662834,41.28995766,Negative
116,7/28/22,300,No,Negative,-72.68681526,41.29001913,Negative
117,7/28/22,301,No,Negative,-72.68683961,41.29040684,Negative
118,8/19/22,355,Yes,Negative,-72.68881613,41.32172436,Negative
119,7/28/22,302,No,Negative,-72.68849089,41.28947302,Negative
120,7/28/22,303,No,Negative,-72.7186457,41.26605033,Negative
121,7/28/22,304,No,Negative,-72.71822504,41.26603697,Negative
122,8/19/22,356,Yes,Negative,-72.68857092,41.32137608,Negative
123,7/28/22,305,No,Negative,-72.71820904,41.26562687,Negative
124,7/29/22,324,No,Negative,-72.63897706,41.30981041,Negative
125,7/29/22,325,No,Negative,-72.63915367,41.30914611,Negative
126,7/29/22,326,No,Negative,-72.63911511,41.30975207,Negative
127,7/29/22,332,No,Negative,-72.6992053,41.29126662,Negative
128,8/19/22,707,No,Negative,-72.68753978,41.29021814,Negative
129,8/5/22,390,No,Negative,-72.70061095,41.25503067,Negative
130,8/19/22,359,Yes,Negative,-72.70566242,41.34742195,Negative
131,8/10/22,426,No,Negative,-72.68796841,41.28965574,Negative
132,7/29/22,355,No,Negative,-72.6885647,41.32124957,Negative
133,7/29/22,333,No,Negative,-72.69995472,41.29111239,Negative
134,7/29/22,334,No,Negative,-72.69990717,41.29126939,Negative
135,8/26/22,737,No,Negative,-72.6881545,41.28989347,Negative
136,7/29/22,336,No,Negative,-72.69221033,41.27216534,Negative
137,7/29/22,337,No,Negative,-72.69244205,41.2723832,Negative
138,8/5/22,379,No,Negative,-72.70178686,41.25050164,Negative
139,7/29/22,335,No,Negative,-72.69924452,41.29123016,Negative
140,8/26/22,742,No,Negative,-72.68951463,41.26843345,Negative
141,8/9/22,401,No,Negative,-72.68915887,41.26884907,Negative
142,7/29/22,342,No,Negative,-72.69614216,41.277215,Negative
143,7/29/22,343,No,Negative,-72.6963879,41.27711152,Negative
144,7/29/22,344,No,Negative,-72.69625386,41.27722804,Negative
145,7/29/22,345,No,Negative,-72.69568378,41.27666887,Negative
146,7/29/22,346,No,Negative,-72.69587609,41.2766345,Negative
147,7/29/22,347,No,Negative,-72.68391183,41.30621367,Negative
148,7/29/22,348,No,Negative,-72.68349893,41.30571986,Negative
149,7/29/22,349,No,Negative,-72.68404316,41.30577042,Negative
150,7/29/22,350,No,Negative,-72.68312835,41.30643157,Negative
151,7/29/22,351,No,Negative,-72.68328004,41.30578302,Negative
152,8/10/22,428,No,Negative,-72.68847651,41.29032387,Negative
153,7/29/22,353,No,Negative,-72.68852185,41.32137251,Negative
154,7/29/22,359,No,Negative,-72.66958047,41.33200978,Negative
155,7/29/22,339,No,Negative,-72.69224075,41.27190955,Negative
156,7/29/22,356,No,Negative,-72.68822393,41.32203249,Negative
157,8/9/22,409,No,Negative,-72.69567221,41.2577068,Negative
158,7/28/22,306,No,Negative,-72.72008911,41.27358922,Negative
159,7/28/22,307,No,Negative,-72.72305959,41.27889385,Negative
160,7/29/22,360,No,Negative,-72.70609029,41.34777165,Negative
161,7/29/22,361,No,Negative,-72.70596082,41.34728839,Negative
162,7/28/22,308,No,Negative,-72.72311034,41.27856255,Negative
163,8/5/22,363,No,Negative,-72.70152555,41.2537177,Negative
164,8/17/22,245,Yes,Negative,-72.70078517,41.25528967,Negative
165,7/28/22,309,No,Negative,-72.69657272,41.26819923,Negative
166,8/25/22,391,Yes,Negative,-72.69817791,41.25598757,Negative
167,8/5/22,367,No,Negative,-72.69960492,41.25284129,Negative
168,7/28/22,310,No,Negative,-72.69605846,41.26823711,Negative
169,8/5/22,370,No,Negative,-72.69931263,41.25091756,Negative
170,8/5/22,371,No,Negative,-72.7021925,41.25145114,Negative
171,8/19/22,708,No,Negative,-72.6882802,41.28968319,Negative
172,8/5/22,373,No,Negative,-72.69771801,41.25326323,Negative
173,8/5/22,374,No,Negative,-72.69790727,41.25301407,Negative
174,8/5/22,375,No,Negative,-72.69768038,41.25326209,Negative
175,8/5/22,376,No,Negative,-72.69818762,41.25258966,Negative
176,8/5/22,377,No,Negative,-72.70160178,41.25052223,Negative
177,8/5/22,378,No,Negative,-72.70094081,41.25072158,Negative
178,8/9/22,403,No,Negative,-72.69671285,41.26803493,Negative
179,8/5/22,380,No,Negative,-72.70158604,41.25004271,Negative
180,8/18/22,238,Yes,Negative,-72.69791552,41.25629393,Negative
181,8/5/22,382,No,Negative,-72.7005812,41.25552791,Negative
182,8/5/22,383,No,Negative,-72.70028566,41.25529665,Negative
183,8/18/22,271,Yes,Negative,-72.69129424,41.26751687,Negative
184,8/25/22,209,Yes,Negative,-72.70001738,41.25322817,Negative
185,8/5/22,386,No,Negative,-72.70076213,41.2551256,Negative
186,8/5/22,387,No,Negative,-72.70037507,41.25482425,Negative
187,8/25/22,382,Yes,Negative,-72.6999786,41.25529275,Negative
188,8/5/22,389,No,Negative,-72.70048283,41.25455442,Negative
189,8/25/22,712,No,Negative,-72.70183924,41.25401998,Negative
190,8/9/22,391,No,Negative,-72.69786434,41.25591657,Negative
191,8/9/22,392,No,Negative,-72.6904052,41.26724074,Negative
192,8/17/22,457,No,Negative,-72.70007899,41.25464624,Negative
193,8/9/22,394,No,Negative,-72.69080881,41.26779885,Negative
194,8/9/22,395,No,Negative,-72.69064001,41.26732214,Negative
195,8/17/22,460,No,Negative,-72.70171124,41.2536982,Negative
196,8/9/22,397,No,Negative,-72.68623758,41.26439452,Negative
197,8/9/22,398,No,Negative,-72.68551277,41.26418806,Negative
198,7/28/22,311,No,Negative,-72.69666771,41.26772417,Negative
199,8/9/22,400,No,Negative,-72.68292601,41.26190463,Negative
200,8/26/22,315,Yes,Negative,-72.69631779,41.26757084,Negative
201,8/9/22,402,No,Negative,-72.68994083,41.26848735,Negative
202,8/18/22,490,No,Negative,-72.69697484,41.26742305,Negative
203,8/19/22,497,No,Negative,-72.72770467,41.28567266,Negative
204,8/9/22,405,No,Negative,-72.69631311,41.26772999,Negative
205,7/29/22,341,No,Negative,-72.69262848,41.27245549,Negative
206,8/9/22,407,No,Negative,-72.69536333,41.2572353,Negative
207,8/9/22,408,No,Negative,-72.69530914,41.25701405,Negative
208,8/19/22,706,No,Negative,-72.68834707,41.28997709,Negative
209,8/9/22,410,No,Negative,-72.69557806,41.25706624,Negative
210,8/9/22,411,No,Negative,-72.69524024,41.25685472,Negative
211,8/9/22,412,No,Negative,-72.69353464,41.25744311,Negative
212,8/9/22,413,No,Negative,-72.69389513,41.25752864,Negative
213,8/17/22,466,No,Negative,-72.7028812,41.25023794,Negative
214,8/9/22,415,No,Negative,-72.69416997,41.25727756,Negative
215,7/28/22,312,No,Negative,-72.69645844,41.26819319,Negative
216,8/9/22,417,No,Negative,-72.70868902,41.24911027,Negative
217,8/10/22,454,No,Negative,-72.71830222,41.2652502,Negative
218,8/9/22,419,No,Negative,-72.7086762,41.24950883,Negative
219,8/9/22,420,No,Negative,-72.70165428,41.24810355,Negative
220,8/9/22,421,No,Negative,-72.70156308,41.24870641,Negative
221,7/28/22,313,No,Negative,-72.69668578,41.26793824,Negative
222,8/10/22,423,No,Negative,-72.68676,41.29030267,Negative
223,8/10/22,424,No,Negative,-72.68752897,41.29015945,Negative
224,8/10/22,425,No,Negative,-72.68680439,41.28954875,Negative
225,7/29/22,362,No,Negative,-72.70624057,41.34797172,Negative
226,8/30/22,762,No,Negative,-72.66960185,41.33228264,Negative
227,8/17/22,456,No,Negative,-72.70059775,41.25523086,Negative
228,8/10/22,429,No,Negative,-72.68817396,41.29016672,Negative
229,8/10/22,430,No,Negative,-72.68791772,41.28981884,Negative
230,8/10/22,431,No,Negative,-72.69940881,41.29083181,Negative
231,8/10/22,432,No,Negative,-72.69927009,41.29045695,Negative
232,8/10/22,433,No,Negative,-72.72817106,41.2859369,Negative
233,8/10/22,434,No,Negative,-72.72799664,41.28622704,Negative
234,8/10/22,435,No,Negative,-72.72801532,41.28554494,Negative
235,8/10/22,436,No,Negative,-72.72805452,41.28573805,Negative
236,8/10/22,437,No,Negative,-72.72779413,41.28589134,Negative
237,8/10/22,438,No,Negative,-72.72311309,41.27867891,Negative
238,7/29/22,331,No,Negative,-72.6994604,41.29070821,Negative
239,8/10/22,440,No,Negative,-72.72300893,41.27872104,Negative
240,8/10/22,441,No,Negative,-72.69618317,41.27688524,Negative
241,8/10/22,442,No,Negative,-72.69575271,41.276649,Negative
242,8/10/22,443,No,Negative,-72.72039882,41.2732835,Negative
243,8/10/22,444,No,Negative,-72.7199262,41.27332939,Negative
244,8/9/22,399,No,Negative,-72.68280405,41.26184097,Negative
245,8/10/22,446,No,Positive,-72.68358647,41.30632754,Positive (PCoV2)
246,8/10/22,447,No,Negative,-72.68364482,41.30563496,Negative
247,8/10/22,448,No,Negative,-72.68280907,41.30418798,Negative
248,8/10/22,449,No,Negative,-72.68295982,41.30395593,Negative
249,8/5/22,381,No,Negative,-72.70172968,41.25000533,Negative
250,8/10/22,451,No,Negative,-72.68286137,41.30471495,Negative
251,8/10/22,452,No,Negative,-72.71829585,41.26613031,Negative
252,8/10/22,453,No,Negative,-72.71828445,41.26617202,Negative
253,8/5/22,372,No,Negative,-72.70257971,41.25069283,Negative
254,8/17/22,243,Yes,Negative,-72.70077767,41.25511161,Negative
255,8/17/22,248,Yes,Negative,-72.7010731,41.25512406,Negative
256,8/17/22,461,No,Negative,-72.69954317,41.25239072,Negative
257,8/17/22,455,No,Negative,-72.70036075,41.25532579,Negative
258,8/25/22,722,No,Negative,-72.69963511,41.25212333,Negative
259,8/5/22,365,No,Negative,-72.69917234,41.25283061,Negative
260,8/17/22,458,No,Negative,-72.70053594,41.2546433,Negative
261,8/30/22,759,No,Negative,-72.72076135,41.2735833,Negative
262,8/17/22,204,Yes,Negative,-72.70166982,41.25364749,Negative
263,8/17/22,459,No,Negative,-72.70184787,41.25434814,Negative
264,7/29/22,357,No,Negative,-72.68908758,41.32150682,Negative
265,8/17/22,201,Yes,Negative,-72.7021229,41.25424747,Negative
266,8/17/22,368,Yes,Negative,-72.69960601,41.25285244,Negative
267,7/28/22,314,No,Negative,-72.69597053,41.26783129,Negative
268,8/9/22,396,No,Negative,-72.68549997,41.26415832,Negative
269,8/17/22,206,Yes,Negative,-72.69929455,41.25297439,Negative
270,8/17/22,462,No,Negative,-72.6984487,41.2534023,Negative
271,8/17/22,463,No,Negative,-72.69914787,41.25221377,Negative
272,8/17/22,464,No,Negative,-72.69897976,41.25207913,Negative
273,8/17/22,465,No,Negative,-72.69917888,41.25114405,Negative
274,8/17/22,225,Yes,Negative,-72.70314208,41.24986436,Negative
275,8/17/22,226,Yes,Negative,-72.70356055,41.25021375,Negative
276,8/17/22,229,Yes,Negative,-72.70143094,41.25105271,Negative
277,8/18/22,279,Yes,Negative,-72.68270009,41.26198755,Negative
278,8/5/22,385,No,Negative,-72.69994814,41.25533087,Negative
279,8/17/22,467,No,Negative,-72.70272384,41.25066892,Negative
280,8/17/22,468,No,Negative,-72.70338488,41.25067838,Negative
281,8/18/22,469,No,Negative,-72.68921121,41.26886742,Negative
282,7/29/22,330,No,Negative,-72.69990683,41.29082603,Negative
283,8/18/22,471,No,Negative,-72.68919485,41.26909928,Negative
284,8/18/22,472,No,Negative,-72.6895839,41.26908649,Negative
285,8/18/22,473,No,Negative,-72.69080783,41.26751571,Negative
286,8/30/22,353,Yes,Negative,-72.68832094,41.32166464,Negative
287,8/18/22,474,No,Negative,-72.69120437,41.26750883,Negative
288,8/18/22,475,No,Negative,-72.69124456,41.26746448,Negative
289,7/29/22,328,No,Negative,-72.63932508,41.30915172,Negative
290,7/29/22,358,No,Negative,-72.66948014,41.33257513,Negative
291,8/18/22,478,No,Negative,-72.68625103,41.26438703,Negative
292,8/18/22,479,No,Negative,-72.68623762,41.26499477,Negative
293,8/18/22,480,No,Negative,-72.68562194,41.26407854,Negative
294,8/5/22,384,No,Negative,-72.70082419,41.25527044,Negative
295,8/18/22,255,Yes,Negative,-72.70797162,41.24985352,Negative
296,8/18/22,481,No,Negative,-72.70854014,41.24985105,Negative
297,8/18/22,286,Yes,Negative,-72.70081128,41.2559166,Negative
298,8/18/22,281,Yes,Negative,-72.70062289,41.2557556,Negative
299,8/18/22,482,No,Negative,-72.70136127,41.24877634,Negative
300,8/18/22,257,Yes,Negative,-72.70186492,41.24832835,Negative
301,8/18/22,259,Yes,Negative,-72.70193583,41.24853895,Negative
302,8/18/22,483,No,Negative,-72.69856239,41.25652383,Negative
303,8/18/22,240,Yes,Negative,-72.6980917,41.2559814,Negative
304,7/29/22,340,No,Negative,-72.69216768,41.2724977,Negative
305,8/18/22,239,Yes,Negative,-72.69787065,41.2563784,Negative
306,8/18/22,310,Yes,Negative,-72.69655498,41.268398,Negative
307,8/18/22,484,No,Negative,-72.69814177,41.25643688,Negative
308,8/18/22,485,No,Negative,-72.69803881,41.25630438,Negative
309,8/18/22,340,Yes,Negative,-72.6924191,41.2726058,Negative
310,7/28/22,315,No,Negative,-72.69659098,41.26790391,Negative
311,8/18/22,486,No,Negative,-72.69659304,41.267764,Negative
312,8/25/22,390,Yes,Negative,-72.7004673,41.25550601,Negative
313,8/18/22,487,No,Negative,-72.69725115,41.2682036,Negative
314,8/18/22,488,No,Negative,-72.69688436,41.26818658,Negative
315,8/18/22,489,No,Negative,-72.69697882,41.26791101,Negative
316,8/18/22,318,Yes,Negative,-72.69680501,41.2681118,Negative
317,8/18/22,317,Yes,Negative,-72.69668816,41.26798797,Negative
318,8/18/22,322,Yes,Negative,-72.69748264,41.26659195,Negative
319,8/18/22,321,Yes,Negative,-72.69758235,41.26647137,Negative
320,8/26/22,400,Yes,Negative,-72.68284796,41.26204892,Negative
321,8/18/22,491,No,Negative,-72.69701184,41.26735456,Negative
322,8/18/22,320,Yes,Negative,-72.69735407,41.26719179,Negative
323,8/18/22,492,No,Negative,-72.69553496,41.25771131,Negative
324,8/18/22,295,Yes,Negative,-72.69493902,41.25733401,Negative
325,8/18/22,305,Yes,Negative,-72.71826768,41.26599286,Negative
326,8/19/22,500,No,Negative,-72.68706866,41.28969829,Negative
327,8/18/22,494,No,Negative,-72.69340914,41.25717568,Negative
328,8/10/22,427,No,Negative,-72.68762832,41.28955245,Negative
329,8/18/22,265,Yes,Negative,-72.69373874,41.25781096,Negative
330,8/19/22,308,Yes,Negative,-72.72335668,41.27844665,Negative
331,8/26/22,734,No,Negative,-72.68853245,41.28999091,Negative
332,8/18/22,237,Yes,Negative,-72.69858726,41.25631361,Negative
333,8/19/22,343,Yes,Negative,-72.69573197,41.27655697,Negative
334,8/19/22,346,Yes,Negative,-72.69599573,41.27677703,Negative
335,8/19/22,328,Yes,Negative,-72.72656206,41.30429013,Negative
336,8/19/22,327,Yes,Negative,-72.72586692,41.30425713,Negative
337,8/19/22,329,Yes,Negative,-72.72663944,41.30393844,Negative
338,8/19/22,325,Yes,Negative,-72.72608974,41.30416807,Negative
339,8/30/22,360,Yes,Negative,-72.70570975,41.34776445,Negative
340,8/19/22,498,No,Negative,-72.70547846,41.34719441,Negative
341,8/25/22,411,Yes,Negative,-72.69510539,41.25737716,Negative
342,8/25/22,385,Yes,Negative,-72.70063215,41.25572315,Negative
343,8/17/22,251,Yes,Negative,-72.70011188,41.25508919,Negative
344,8/19/22,361,Yes,Negative,-72.66917195,41.33195855,Negative
345,7/28/22,316,No,Negative,-72.69642085,41.26844109,Negative
346,8/19/22,298,Yes,Negative,-72.686825,41.28982801,Negative
347,8/19/22,701,No,Negative,-72.68683764,41.28990443,Negative
348,8/19/22,702,No,Negative,-72.68676425,41.28986403,Negative
349,8/19/22,331,Yes,Negative,-72.69947118,41.29046334,Negative
350,8/26/22,741,No,Negative,-72.68961332,41.26890143,Negative
351,8/19/22,334,Yes,Negative,-72.69962602,41.29120903,Negative
352,8/19/22,330,Yes,Negative,-72.69960209,41.29072811,Negative
353,8/19/22,704,No,Negative,-72.69940708,41.29080307,Negative
354,8/19/22,705,No,Negative,-72.69924489,41.29052555,Negative
355,8/25/22,717,No,Negative,-72.70863482,41.24987244,Negative
356,7/28/22,317,No,Negative,-72.69675532,41.26828876,Negative
357,8/26/22,395,Yes,Negative,-72.69122756,41.26793455,Negative
358,8/5/22,369,No,Negative,-72.69918984,41.25158949,Negative
359,8/25/22,709,No,Negative,-72.69820357,41.25662935,Negative
360,8/10/22,445,No,Positive,-72.68390167,41.30572197,Positive (PCoV2)
361,7/28/22,318,No,Negative,-72.6972222,41.26773823,Negative
362,8/25/22,247,Yes,Negative,-72.69987842,41.2557879,Negative
363,8/5/22,388,No,Negative,-72.70011459,41.25462599,Negative
364,8/25/22,384,Yes,Negative,-72.70067544,41.25549889,Negative
365,8/25/22,710,No,Negative,-72.70022949,41.2553813,Negative
366,8/26/22,402,Yes,Negative,-72.68952635,41.26864675,Negative
367,8/25/22,711,No,Negative,-72.70004488,41.25574755,Negative
368,8/19/22,499,No,Negative,-72.68834055,41.32167789,Negative
369,8/19/22,703,No,Negative,-72.69946173,41.29084371,Negative
370,8/25/22,714,No,Negative,-72.70133244,41.25395924,Negative
371,8/25/22,715,No,Negative,-72.6996325,41.25333088,Negative
372,8/25/22,366,Yes,Negative,-72.69941836,41.25319502,Negative
373,8/25/22,367,Yes,Negative,-72.69992137,41.25302062,Negative
374,8/18/22,495,No,Negative,-72.69373596,41.25780975,Negative
375,8/25/22,716,No,Negative,-72.69973272,41.25265312,Negative
376,8/5/22,364,No,Negative,-72.70136212,41.25396916,Negative
377,8/25/22,718,No,Negative,-72.70783933,41.25004771,Negative
378,8/25/22,417,Yes,Negative,-72.70826993,41.24980149,Negative
379,8/25/22,418,Yes,Negative,-72.70779475,41.249977,Negative
380,8/25/22,422,Yes,Negative,-72.70176176,41.24819014,Negative
381,8/25/22,420,Yes,Negative,-72.70121838,41.24801931,Negative
382,8/25/22,258,Yes,Negative,-72.70189146,41.24842066,Negative
383,8/25/22,421,Yes,Negative,-72.7014979,41.24802847,Negative
384,8/25/22,260,Yes,Negative,-72.70172321,41.24788888,Negative
385,8/25/22,409,Yes,Negative,-72.69585404,41.25748447,Negative
386,8/25/22,407,Yes,Negative,-72.69575389,41.25698477,Negative
387,8/25/22,719,No,Negative,-72.69512343,41.25707856,Negative
388,8/25/22,720,No,Negative,-72.69561812,41.25704436,Negative
389,8/25/22,410,Yes,Negative,-72.69509684,41.25736757,Negative
390,7/28/22,319,No,Negative,-72.69706868,41.26740707,Negative
391,8/25/22,373,Yes,Negative,-72.70127358,41.2520642,Negative
392,8/25/22,374,Yes,Negative,-72.70133827,41.25187067,Negative
393,8/25/22,212,Yes,Negative,-72.70108306,41.2519116,Negative
394,8/25/22,211,Yes,Negative,-72.70138524,41.25129496,Negative
395,8/25/22,376,Yes,Negative,-72.70056336,41.25204653,Negative
396,8/25/22,721,No,Negative,-72.69944303,41.25167831,Negative
397,7/28/22,320,No,Negative,-72.69703332,41.26650554,Negative
398,8/25/22,723,No,Negative,-72.70001915,41.25092351,Negative
399,8/25/22,724,No,Negative,-72.69997583,41.25151295,Negative
400,8/25/22,369,Yes,Negative,-72.69975251,41.25080444,Negative
401,8/25/22,371,Yes,Negative,-72.70140746,41.25154371,Negative
402,8/25/22,725,No,Negative,-72.70129388,41.25177574,Negative
403,7/28/22,321,No,Negative,-72.69697763,41.26714292,Negative
404,8/25/22,380,Yes,Negative,-72.70229079,41.25036325,Negative
405,8/25/22,726,No,Negative,-72.70302774,41.25045973,Negative
406,8/19/22,496,No,Negative,-72.7227718,41.27906614,Negative
407,8/26/22,273,Yes,Negative,-72.69114362,41.26714201,Negative
408,8/26/22,727,No,Negative,-72.69116132,41.26774297,Negative
409,8/26/22,728,No,Negative,-72.68692692,41.28957834,Negative
410,8/26/22,429,Yes,Negative,-72.68747838,41.2899243,Negative
411,8/26/22,729,No,Negative,-72.68691769,41.28951281,Negative
412,8/26/22,730,No,Negative,-72.68730923,41.29035431,Negative
413,8/26/22,731,No,Negative,-72.68666851,41.28971026,Negative
414,8/26/22,732,No,Negative,-72.68764522,41.29010601,Negative
415,8/26/22,425,Yes,Negative,-72.68779983,41.2903827,Negative
416,8/26/22,733,No,Negative,-72.68827186,41.28966993,Negative
417,8/30/22,760,No,Negative,-72.68407775,41.30636214,Negative
418,8/5/22,366,No,Negative,-72.7000458,41.25280811,Negative
419,8/26/22,736,No,Negative,-72.68780637,41.29005844,Negative
420,8/30/22,434,Yes,Negative,-72.72073901,41.27397938,Negative
421,8/26/22,738,No,Negative,-72.68932458,41.26893196,Negative
422,8/26/22,739,No,Negative,-72.68902511,41.26896194,Negative
423,8/26/22,740,No,Negative,-72.68912858,41.26873607,Negative
424,7/28/22,322,No,Negative,-72.6977363,41.2666265,Negative
425,8/9/22,418,No,Negative,-72.70790155,41.24949427,Negative
426,7/29/22,354,No,Negative,-72.68862288,41.32142981,Negative
427,8/26/22,743,No,Negative,-72.69333942,41.25727363,Negative
428,8/26/22,744,No,Negative,-72.69342858,41.25744526,Negative
429,8/26/22,415,Yes,Negative,-72.69352036,41.25713846,Negative
430,8/26/22,745,No,Negative,-72.69394742,41.25776774,Negative
431,8/26/22,266,Yes,Negative,-72.69337689,41.25719697,Negative
432,8/26/22,441,Yes,Negative,-72.6957661,41.27659055,Negative
433,8/26/22,336,Yes,Negative,-72.69170399,41.27241428,Negative
434,8/26/22,746,No,Negative,-72.6917999,41.27254447,Negative
435,8/26/22,304,Yes,Negative,-72.71784953,41.26615331,Negative
436,8/26/22,747,No,Negative,-72.68604152,41.26413678,Negative
437,8/26/22,276,Yes,Negative,-72.68537338,41.2647918,Negative
438,8/26/22,748,No,Negative,-72.68600668,41.26411677,Negative
439,8/26/22,398,Yes,Negative,-72.68630219,41.26485853,Negative
440,8/26/22,749,No,Negative,-72.68601155,41.26478987,Negative
441,8/26/22,750,No,Negative,-72.68575236,41.26463228,Negative
442,8/18/22,477,No,Negative,-72.68625504,41.26410964,Negative
443,8/26/22,751,No,Negative,-72.68312628,41.26186468,Negative
444,8/26/22,752,No,Negative,-72.68274801,41.26172031,Negative
445,8/26/22,316,Yes,Negative,-72.69620382,41.26803898,Negative
446,8/26/22,753,No,Negative,-72.69600241,41.26828388,Negative
447,8/26/22,754,No,Negative,-72.69674295,41.26776668,Negative
448,8/26/22,314,Yes,Negative,-72.69602799,41.26784452,Negative
449,8/9/22,422,No,Negative,-72.70184378,41.24824069,Negative
450,8/26/22,755,No,Negative,-72.69667978,41.26844522,Negative
451,8/30/22,326,Yes,Negative,-72.72640236,41.30386962,Negative
452,8/30/22,756,No,Negative,-72.69975321,41.2911155,Negative
453,8/30/22,757,No,Negative,-72.72828131,41.28536412,Negative
454,8/30/22,438,Yes,Negative,-72.72816039,41.28574251,Negative
455,8/30/22,440,Yes,Negative,-72.72826356,41.28602944,Negative
456,8/30/22,758,No,Negative,-72.71987276,41.27416141,Negative
457,8/9/22,414,No,Negative,-72.69355422,41.25791722,Negative
458,8/30/22,435,Yes,Negative,-72.72047947,41.2739507,Negative
459,8/30/22,451,Yes,Negative,-72.68878747,41.32192315,Negative
460,8/17/22,207,Yes,Negative,-72.69974526,41.25303732,Negative
461,8/30/22,349,Yes,Negative,-72.68375441,41.30578978,Negative
462,8/30/22,761,No,Negative,-72.68342381,41.30578259,Negative
463,8/25/22,228,Yes,Negative,-72.70217773,41.25013424,Negative
464,8/26/22,735,No,Negative,-72.68770093,41.28968718,Negative
465,8/30/22,357,Yes,Negative,-72.68866498,41.32112309,Negative
466,8/10/22,439,No,Negative,-72.72243074,41.2791589,Negative
467,7/28/22,323,No,Negative,-72.69687976,41.26703852,Negative
468,8/30/22,763,No,Negative,-72.66930763,41.33287659,Negative